N,Run,Acc_2Nm,F1_2Nm,Prec_2Nm,Recall_2Nm,Acc_4Nm,F1_4Nm,Prec_4Nm,Recall_4Nm,TrainTime_s,Test2_Infer_s,Test2_Viz_s,Test4_Infer_s,Test4_Viz_s
5,1,0.8805,0.8707250797601318,0.9174621634447911,0.8805,0.845,0.8312946682216872,0.887462581396996,0.845,53.550707900000006,2.3190136000000052,6.295218300000002,1.8702273999999903,5.389823899999996
5,2,0.935,0.9334499016248197,0.9417899024004737,0.9349999999999999,0.8925,0.8914482725010716,0.9015924166361533,0.8925000000000001,35.36664759999999,2.0348862999999966,6.380659499999993,1.874932699999988,6.102524099999982
5,3,0.656,0.6367898269423351,0.7047556675062973,0.656,0.451,0.4088391412688089,0.6807509808964357,0.45099999999999996,38.31257579999999,2.075392500000021,5.860619799999995,1.7447210999999925,5.436373500000002
5,4,0.75,0.7180246380237414,0.7361823023783156,0.75,0.573,0.513830924070756,0.6934391063530224,0.5730000000000001,41.77550120000001,2.059285899999992,6.010223599999989,1.6820062000000178,5.483212100000003
5,5,0.4695,0.4152542701513281,0.5561843758152228,0.46950000000000003,0.4715,0.4163429984478289,0.5625803133232357,0.4715000000000001,51.396133599999985,2.209362999999996,6.462401100000022,1.8549853000000098,5.9701187000000004
5,6,0.522,0.49422252655890003,0.5542147690000526,0.522,0.5525,0.528996329161209,0.5794722263687782,0.5525,55.2015753,2.3266481,6.705173300000013,1.9170740999999794,5.975734999999986
5,7,0.8835,0.8806049611929062,0.9027218797003534,0.8835000000000001,0.8585,0.8532644745585921,0.8899604193971167,0.8585,60.31209919999998,2.7302355999999577,7.095144000000005,2.3708866000000057,6.663008300000001
5,8,0.958,0.9572516497623902,0.9584864247615259,0.958,0.962,0.9615913076907792,0.9622305943047211,0.962,65.73421680000007,3.0732973000000356,7.504958600000009,2.606768299999999,7.026789399999984
5,9,0.7365,0.707876499892581,0.8023739056377426,0.7365,0.752,0.7180654643494291,0.8205435871205408,0.752,69.56148439999993,2.8372890000000552,7.453908100000035,2.4794250999999576,7.0096968999999945
5,10,0.8665,0.8603809838938716,0.8887524903568348,0.8664999999999999,0.727,0.6994480976045312,0.768787867561965,0.7270000000000001,71.06767580000007,2.9672118000000864,7.714721000000054,2.5607398999999305,7.201276600000028
6,1,0.77,0.7305200125980807,0.767911757591995,0.77,0.6665,0.623658876238653,0.6725777690234718,0.6665,69.67175889999999,3.0088311999999178,7.438123599999926,2.4914495000000443,6.740505599999892
6,2,0.857,0.8354848181151107,0.9150051666938598,0.857,0.839,0.8098948240511417,0.8940152126283143,0.8390000000000001,70.53556279999998,2.8449309000000085,7.246171600000025,2.7710429999999633,8.061128800000006
6,3,0.9105,0.9068016314955891,0.9259954577535782,0.9105000000000001,0.8665,0.8631291000254409,0.8794354861693335,0.8665,74.62083689999997,2.8216840999999704,7.401015299999926,2.4671879999999646,6.648718300000041
6,4,0.9285,0.925575938902164,0.9427154186131645,0.9285,0.9125,0.9088402377829793,0.9291019166439474,0.9125,77.13203950000002,3.226395299999922,8.4468738999999,2.911276199999975,7.4602925000001505
6,5,0.854,0.8390897480914499,0.8876201201201201,0.8539999999999999,0.8015,0.7910127317116513,0.8188544453980917,0.8015000000000001,78.75251760000015,2.974508799999967,7.480108699999846,2.6568403999999646,7.023524099999804
6,6,0.903,0.8990222089406208,0.9265586203681142,0.9029999999999999,0.879,0.8729463163000755,0.9089770002904501,0.8790000000000001,76.76839960000007,3.1126628999998047,7.950901299999941,2.690551599999935,7.231579000000011
6,7,0.871,0.8689382127268599,0.8833649578274025,0.8710000000000001,0.884,0.8821637838962978,0.8950701612673836,0.884,77.86160029999996,3.367333400000007,8.646660800000063,3.1393092999999226,7.5627660000000105
6,8,0.8005,0.759500318365398,0.8129002778973083,0.8005000000000001,0.6335,0.5875297820227974,0.7044630291947902,0.6335,80.78552569999988,3.011224099999936,7.496893200000159,2.745004199999812,7.8413435999998455
6,9,0.8945,0.8910712868143209,0.9107031881694923,0.8945000000000001,0.8755,0.872561566671721,0.8894063359659242,0.8755000000000001,80.47616509999989,3.2199683000001187,8.401859000000059,2.9175890999999865,7.931304300000193
6,10,0.8835,0.8756502262345334,0.9117066196205654,0.8835000000000001,0.8525,0.8396717122798929,0.8791290824261274,0.8525,81.02690940000002,3.111998599999879,8.587627099999963,2.8942147000000205,7.792436100000032
7,1,0.8005,0.7824764061194679,0.8502857544867327,0.8004999999999999,0.772,0.7525829135989089,0.8068144635520931,0.772,93.61892780000017,3.375158099999908,8.331056100000069,2.9806058000001485,7.749998000000005
7,2,0.653,0.6149458939340993,0.7065971343881967,0.653,0.665,0.6330032678591306,0.7180604806934594,0.665,90.60422420000009,3.697930000000042,8.322813799999949,2.8893966000000546,7.765075199999956
7,3,0.7465,0.7211398904825966,0.7502399025331791,0.7464999999999999,0.706,0.6812253055720646,0.7273385846698933,0.7060000000000001,155.47850409999978,10.752681800000119,29.39823350000006,9.714238600000044,24.689247799999976
7,4,0.8415,0.8130749194440119,0.9077509947267576,0.8414999999999999,0.819,0.7900599640470836,0.8566151696374439,0.819,308.8088723000001,12.26923940000006,30.31739319999997,9.81832200000008,29.08138319999989
7,5,0.7775,0.7470555025782545,0.7732608915063388,0.7775000000000001,0.614,0.5697695756173704,0.7058817950937106,0.6140000000000001,318.14067939999995,12.319708600000013,32.07954229999996,11.733939100000043,23.505966600000193
7,6,0.9455,0.9449882100116322,0.9511154657578708,0.9455,0.919,0.9188375909803991,0.9249073583413627,0.9190000000000002,311.96327269999983,13.096713200000067,31.879772099999627,9.338083799999822,23.357808900000236
7,7,0.9465,0.9461332224273968,0.9476654944114609,0.9465,0.951,0.9507990529335532,0.9507278138365687,0.951,119.67524330000015,3.2443410999999287,8.067351400000007,2.898705300000074,7.376838199999838
7,8,0.847,0.839355867016813,0.8659898465735403,0.8470000000000001,0.8,0.8013103647191686,0.8045883198773971,0.8,87.08561069999996,3.1778893999999127,7.9412797999998475,2.7787796000002345,7.321400899999844
7,9,0.8975,0.8956291766643192,0.9064440247969703,0.8975,0.8855,0.8848889557811619,0.887136076112931,0.8855000000000001,88.31830869999976,3.2000656000000163,7.833433100000093,3.0099771000000146,7.266038299999764
7,10,0.7455,0.7123091811839756,0.72850546200866,0.7455,0.5915,0.585912781862725,0.6716933120862238,0.5915,88.67361100000016,3.291903999999704,7.955276799999865,2.8430834000000687,7.391278600000078
8,1,0.8125,0.7643274155301975,0.8724522619943877,0.8125,0.751,0.7112866180395079,0.7197818680494547,0.751,96.0755908000001,3.302007499999945,7.791874999999891,2.884244399999716,7.530145100000027
8,2,0.8905,0.8810215810755666,0.9267175839351957,0.8905000000000001,0.8685,0.8557369215326821,0.9176300828877503,0.8685,89.42998840000018,3.2019680000003063,7.912467500000275,2.9234605999999985,7.579681400000027
8,3,0.958,0.9578634389500046,0.9611393216328141,0.958,0.8965,0.8954090645470997,0.9084443611542973,0.8965,87.65251570000055,3.2588863000000856,8.402656000000206,2.8791792000001806,7.522928100000172
8,4,0.9475,0.9463929888987469,0.948935114769132,0.9475,0.944,0.942612458124845,0.9467108819155922,0.9440000000000002,86.05565130000014,3.265372299999399,7.992535600000338,2.804075500000181,7.548177600000599
8,5,0.9665,0.9664406162415775,0.9676460290213929,0.9664999999999999,0.927,0.9264322253594607,0.930718202820322,0.9269999999999999,84.78147669999998,3.329137799999444,7.896569999999883,2.983700200000385,7.299064300000282
8,6,0.8305,0.818919339529652,0.849302147727997,0.8305,0.806,0.7941838049373551,0.823504997468822,0.806,87.94384990000071,3.248950700000023,8.5858060999999,2.7972085999999763,7.364936400000261
8,7,0.846,0.8482480352856541,0.875464871545901,0.8459999999999999,0.7505,0.729299202863889,0.8448558440157068,0.7505000000000001,89.18125719999989,3.2564683999999033,8.551027100000283,3.07854640000005,7.674119000000246
8,8,0.9685,0.9680864336183624,0.9688671167748095,0.9685,0.958,0.9573909385311279,0.9595786380929106,0.958,87.80353110000033,3.2666423999999097,7.974431099999492,2.8978720000004614,7.496022000000266
8,9,0.9725,0.972257452193289,0.9726750057480412,0.9724999999999999,0.961,0.9608583355838561,0.9611440271926657,0.961,96.48840159999963,3.3364768000001277,8.155729099999917,2.927037599999494,7.503309300000183
8,10,0.834,0.8050248807866257,0.8829022196547832,0.834,0.7975,0.7659859794557451,0.8023287506524955,0.7975000000000001,91.34072199999991,3.374829499999578,8.05918759999986,2.913843600000291,7.810598799999752
9,1,0.941,0.9391885270906771,0.9527699453840649,0.9410000000000001,0.9405,0.9389197581098623,0.9533596078054407,0.9405000000000001,99.35965320000014,3.375179200000275,8.240897099999529,2.8866962000001877,7.715025399999831
9,2,0.9535,0.9533551469226126,0.955758701054374,0.9535,0.9525,0.9526606426722365,0.9555383131397571,0.9525,101.75729429999956,3.3477240000001984,8.427006900000379,2.8983807000004163,7.592276899999888
9,3,0.899,0.8925199198550423,0.9306147500736521,0.899,0.837,0.8300460110661604,0.8548131873409212,0.837,98.27406369999972,3.2712240999999267,7.993418400000337,2.88797169999998,7.613914199999272
9,4,0.9745,0.9742848400437343,0.9756435042446123,0.9745000000000001,0.97,0.9699281446217862,0.9715850715489053,0.97,99.14789890000065,3.473925700000109,8.511598799999774,3.3788922000003367,7.933219500000632
9,5,0.954,0.9534519267314202,0.9626016260162601,0.954,0.93,0.9288770338316459,0.939274180057267,0.93,102.3010261999998,3.6706285999998727,8.66750779999984,3.1384424999996554,8.049512600000526
9,6,0.9405,0.9386515596342718,0.9457164408207497,0.9404999999999999,0.9405,0.9386261811064196,0.9433681690755045,0.9405000000000001,102.10053830000015,3.4775797000002058,8.304374800000005,3.1712751999993998,7.781121400000302
9,7,0.959,0.9589911249915165,0.9619646859980122,0.959,0.917,0.9189538126436195,0.9359887005649717,0.9170000000000001,98.53476529999989,3.6783574999999473,8.656415999999808,3.5527498999999807,8.041021099999853
9,8,0.804,0.7435719969728878,0.8829559820710264,0.8039999999999999,0.7895,0.7330068596851655,0.7442525125628141,0.7895000000000001,101.66645749999952,3.6020982999998523,8.09503180000047,3.0462671000004775,7.789122899999711
9,9,0.9735,0.9734411546005344,0.9744509449454692,0.9734999999999999,0.9725,0.9726469781801702,0.9735952784179978,0.9725000000000001,101.22297099999923,3.528758399999788,8.259079000000384,3.1177198000004864,7.781880999999885
9,10,0.968,0.9678642263563557,0.9708880073237717,0.968,0.933,0.9330149447233756,0.9373195084485408,0.933,102.5538888000001,3.6231565999996747,8.575039500000457,3.059846199999811,7.869694199999685
10,1,0.7365,0.7004390956213733,0.7148712649616809,0.7365,0.6565,0.6241163064101458,0.6965555802826304,0.6565,114.98450519999915,3.5564097999995283,8.208953699999256,3.143531400000029,8.000728300000446
10,2,0.9585,0.9581695892111055,0.9646051712089447,0.9585000000000001,0.9315,0.9331867943291657,0.9481839192973871,0.9315000000000001,108.68970489999992,3.375431899999967,8.427588699999433,2.943992700000308,7.764904800000295
10,3,0.9645,0.9643090164106338,0.967322776555589,0.9644999999999999,0.9575,0.9572227089257972,0.9613871181064733,0.9574999999999999,279.2823287000001,14.10862679999991,30.550036000000546,10.450484599999982,29.011662900000374
10,4,0.936,0.9332222875900259,0.9439610772107041,0.9359999999999999,0.9365,0.934743621900655,0.9456498110629104,0.9365,179.52378809999936,3.631434199999603,8.46263799999997,3.2288095000003523,7.870398300000488
10,5,0.896,0.8927384847394901,0.9061149499452797,0.8960000000000001,0.9065,0.9053468149640841,0.9110062685045051,0.9065,103.47667099999944,3.5967626000001474,8.367032499999368,2.945512299999791,7.544103300000643
10,6,0.944,0.9437840259771543,0.9452448869267844,0.944,0.9085,0.9098795651488804,0.9165863668098566,0.9084999999999999,105.21824590000051,3.3714906999994128,8.320797200000015,3.021005800000239,7.635067999999592
10,7,0.9575,0.9578998019122956,0.9588939551047538,0.9574999999999999,0.849,0.8398409557627646,0.9006562717248642,0.849,104.6942226000001,3.394930899999963,8.07621670000026,2.9040061000005153,7.455657200000132
10,8,0.884,0.8721285101971809,0.922945311308171,0.884,0.876,0.8630480718873178,0.9206594999203694,0.876,104.69997839999996,3.305059799999981,7.9565309999998135,2.9323527000005924,7.378063099999963
10,9,0.7345,0.7102281935804039,0.7446541809808774,0.7344999999999999,0.6705,0.6489049138953764,0.72,0.6705,177.95427720000043,12.84381730000041,30.089294900000823,10.489473000000544,9.758277799999632
10,10,0.9065,0.9000615959980142,0.933077422783913,0.9065,0.8545,0.8502517365737827,0.870452502626125,0.8545,196.73924100000022,3.352105799999663,8.088421099999323,2.9970972000000984,7.5723762999996325
11,1,0.762,0.7292202855641283,0.8365379804886184,0.762,0.7355,0.7119873517317961,0.8247038192929459,0.7355,110.2599710000004,3.8512202000001707,8.406891600000563,3.0425179999992906,7.4984101000009105
11,2,0.968,0.9677517351332814,0.9716276311736974,0.968,0.96,0.9596918100033704,0.9651225632117353,0.96,109.38366049999968,3.8069113999990805,8.658447599998908,3.248778499999389,17.809791399999085
11,3,0.9455,0.9449118920326139,0.9513892493782024,0.9455,0.827,0.8098298037843156,0.8556910525837631,0.827,192.07193430000007,3.4393928999998025,8.065227500001129,2.9596549999987474,7.635667099999409
11,4,0.971,0.9708809051278419,0.9727305002194697,0.9709999999999999,0.9495,0.949569586533328,0.9514449021583034,0.9494999999999999,108.79590420000022,3.3685513000000356,7.81625780000104,2.942062600001009,10.681174499999543
11,5,0.945,0.9441233905162019,0.9548339973439575,0.945,0.873,0.8709426106420141,0.8908136482939633,0.873,277.9186597000007,14.100595500000054,32.29445470000064,10.15834840000025,29.44910649999838
11,6,0.826,0.785262344267627,0.9065962937368759,0.826,0.8145,0.7681565934106451,0.8760037348272643,0.8145,428.29589789999955,14.05595809999977,30.92231240000001,4.354346199999782,7.532972800001517
11,7,0.9325,0.9319394587646886,0.9365139323770582,0.9324999999999999,0.931,0.9303018888866502,0.9334547114156356,0.931,105.63767670000016,3.398509300001024,8.388810399999784,3.0951277000003756,7.790663800000402
11,8,0.962,0.9616896864603287,0.9674245556014883,0.962,0.955,0.9546043674667445,0.9609253578732107,0.9549999999999998,105.26907879999999,3.3900045000009413,8.290691499998502,3.1493677999987995,7.842834099999891
11,9,0.9835,0.9834987366220226,0.9835562140905653,0.9835,0.978,0.9780087004669283,0.9782856715823037,0.9780000000000001,109.59310590000132,3.5457024999996065,8.434943000000203,3.0819117999999435,7.889112099999693
11,10,0.979,0.9789779234542623,0.9795608342965233,0.9790000000000001,0.968,0.9683397297495798,0.96974672056761,0.968,108.17541749999873,3.589205199999924,8.595955599999797,3.088649899998927,8.048323200000596
12,1,0.972,0.9717645028257648,0.9740391752995216,0.9720000000000001,0.962,0.9615538207385942,0.9673244209129432,0.9620000000000001,119.48185770000055,3.4498707999991893,8.412253199998304,3.0252046000005066,8.198237800001152
12,2,0.9855,0.9855270540470699,0.9856653829696193,0.9855,0.8945,0.8892906676519011,0.9259194859194858,0.8945000000000001,115.92389489999914,3.545206299999336,8.39184010000099,3.3230312000014237,7.831665100000464
12,3,0.926,0.9254310389454681,0.932537251079237,0.9260000000000002,0.8035,0.790577284351025,0.8509014342558092,0.8035,151.3241065000002,24.29836129999967,22.321178100000907,3.2838675000002695,7.8892717999988236
12,4,0.9065,0.9086806854181129,0.9226587812581777,0.9065000000000001,0.803,0.7924974316405065,0.8766363366293393,0.8030000000000002,117.90073839999968,3.5693009000005986,8.581441700000141,3.129927599999064,7.809787000000142
12,5,0.913,0.9097360195025169,0.9327487544483987,0.9129999999999999,0.818,0.8130798234550671,0.846077210460772,0.818,117.45429670000158,3.431249100000059,8.43305799999871,3.054535199999009,7.802078900000197
12,6,0.8875,0.8778366914103923,0.9279999999999999,0.8875,0.882,0.8747930167815738,0.9080774448144038,0.882,116.25675430000047,3.478989299999739,8.286890199999107,3.123095299999477,7.904365399999733
12,7,0.98,0.9799874921826142,0.9804511278195489,0.9800000000000001,0.9645,0.9647841414861846,0.9667212928189372,0.9644999999999999,117.98287049999999,3.596346000000267,8.362435699998969,3.254073000000062,7.907682900000509
12,8,0.9355,0.9323671066089207,0.9465965265730223,0.9355,0.932,0.9296521255244675,0.948189997907512,0.932,120.47605030000159,3.7367801000000327,8.555547300000399,3.2819030999999086,8.069218499998897
12,9,0.811,0.8042185087125331,0.8466295638444841,0.8109999999999999,0.7335,0.6988345545156635,0.8129117171243248,0.7335,121.78570620000028,3.7000498000015796,8.592906899999434,3.246266399999513,8.157709499999328
12,10,0.982,0.9820892808478356,0.9827158973348441,0.982,0.9335,0.9336838053340936,0.9437901469006997,0.9335000000000001,119.32235740000033,3.6756456999992224,8.49175760000071,3.2073636000004626,7.7773073999996996
13,1,0.907,0.9037957934059528,0.9282177361136703,0.907,0.8855,0.8865936889016925,0.9152376925297275,0.8854999999999998,134.48833820000073,3.8021011000000726,8.682856500001435,3.353786099998615,7.9538789999987785
13,2,0.794,0.782471300866993,0.812731826285275,0.794,0.7175,0.6986666987640561,0.7598734128296183,0.7175,126.01003189999938,3.5937558999994508,8.576931800000239,3.1229191000002174,8.038360000000466
13,3,0.9735,0.9734302338830048,0.9746072111576947,0.9734999999999999,0.978,0.9779528605358727,0.97900962665647,0.978,132.4582215999999,3.6935653000000457,8.618356299999505,3.2487368999991304,7.91011299999991
13,4,0.9495,0.948286127802532,0.9534458160635619,0.9494999999999999,0.962,0.9613948993672926,0.963054776210547,0.9620000000000001,125.00190619999921,3.5287258999996993,8.279952300001241,3.083263300000908,7.826710499999535
13,5,0.773,0.7394155145465066,0.7621751633986927,0.7729999999999999,0.68,0.6521594479872044,0.7276644487492631,0.6799999999999999,130.6091832000002,3.642161199999464,8.45112159999917,3.313277699999162,7.947661599999265
13,6,0.9605,0.9603396752861842,0.960949645669617,0.9605,0.977,0.9770267683680116,0.9774709748206316,0.977,128.1965368000001,3.7190284000007523,8.652105899998787,3.2902780000003986,8.03932789999999
13,7,0.7945,0.7426226367274193,0.8821244044380286,0.7945,0.8085,0.7609440126471578,0.893812222146172,0.8085000000000001,124.7431773999997,3.530601399999796,8.480187800001659,3.1651922000000923,7.855411399999866
13,8,0.815,0.7646591134963228,0.903896103896104,0.8150000000000001,0.8105,0.7568218998517058,0.9023265103633118,0.8105,123.2065889000005,3.5001834999984567,8.274866599998859,3.098841799999718,7.7784465000004275
13,9,0.7165,0.7051836170957871,0.7693893687509246,0.7165,0.73,0.7227153751827167,0.7895964961735995,0.73,124.9933105,3.636767800000598,8.473200899999938,3.184566999998424,8.063298800001576
13,10,0.8445,0.8184657657668485,0.9125175808720112,0.8445,0.8145,0.7988091960915121,0.9037613488975357,0.8145,126.5077794000008,3.6276606999999785,8.501609799999642,3.2451211999996303,7.910507900000084
14,1,0.984,0.9839949606909608,0.9851851851851852,0.984,0.928,0.9276897953221525,0.9445506971311775,0.9279999999999999,137.0404624999992,3.6520213999992848,8.852276300000085,3.3157191000009334,7.889324300000226
14,2,0.7755,0.7626076662691683,0.8257572636799239,0.7755,0.747,0.7364563700757131,0.8176507456688829,0.7470000000000001,135.18161360000158,3.8454295999999886,8.717043900000135,3.4194123999986914,8.27695809999932
14,3,0.9865,0.986488286592272,0.9867426028955553,0.9865,0.9805,0.9804948494211752,0.9806908547152929,0.9804999999999999,128.50572789999933,3.657938499998636,8.523176499998954,3.2689018000000942,7.975203900001361
14,4,0.93,0.9280371636028436,0.9459830304388003,0.93,0.8935,0.8906303338413923,0.9078052314497065,0.8935000000000001,122.19634380000025,3.558788199999981,8.418156799998542,3.1414808000008634,7.937038899999607
14,5,0.984,0.9840387726579483,0.9842770252318361,0.984,0.953,0.9532842630952103,0.9587563348757377,0.953,128.11544279999907,3.5410250999993877,8.465327300000354,3.184447800000271,7.83552619999864
14,6,0.9815,0.9814738808336427,0.9826011715418662,0.9814999999999999,0.841,0.8244742314630746,0.891539258828888,0.841,134.45774840000013,3.5755093000007037,8.555466600000727,3.2723456000003353,7.9037931999992
14,7,0.925,0.926583409838828,0.9443175280961331,0.925,0.7985,0.7647346451067938,0.8820692128074679,0.7985,128.68793040000128,3.577046000000337,8.283366900001056,3.278018900000461,8.018895900000643
14,8,0.855,0.8330635006296097,0.9159420289855073,0.8550000000000001,0.8485,0.8238630971856047,0.9101622858434203,0.8484999999999999,133.49454439999863,3.5962674000002153,8.628756000000067,3.248014000000694,7.992157300001054
14,9,0.936,0.9356164453176505,0.9412532793526424,0.9360000000000002,0.9005,0.8988276982330834,0.9160471086915212,0.9005000000000001,125.6214396000014,3.7192365000009886,8.647119600000224,3.321599899998546,8.103400199999669
14,10,0.9915,0.9915007133141897,0.9916125007797394,0.9915,0.937,0.9361444777164849,0.9479780129657112,0.9369999999999999,125.72343630000069,3.6151439000004757,8.664767399999619,3.267273000001296,8.097461200000907
15,1,0.9685,0.9683710771589252,0.9689098766087147,0.9685,0.97,0.9698901885410173,0.9702232796715393,0.97,138.58661949999987,3.544183600000906,8.253978099999586,3.1059318000006897,7.836241299999529
15,2,0.9955,0.9955091559536078,0.9955637455637456,0.9955,0.907,0.903117997102204,0.9353814002089864,0.907,135.31122239999968,3.579699599999003,8.554493699999512,3.1491684000011446,8.124443799999426
15,3,0.9705,0.9703494772681942,0.9740339774546893,0.9705,0.96,0.9603141170869354,0.9664468535773537,0.96,138.1650585999996,3.5863900000003923,8.469600399999763,3.1525144999995973,8.050324300000284
15,4,0.966,0.965924603159317,0.9681509876658835,0.966,0.9515,0.952218890240965,0.9564161609419081,0.9515,136.48606910000126,3.847849400000996,8.72290840000096,3.2775378999995155,8.103429400000095
15,5,0.9885,0.988492070317203,0.9890209891012102,0.9884999999999999,0.9535,0.9533442266139229,0.9575077729034456,0.9535,141.97653759999957,3.7058899000003294,8.568911899999875,3.5496930999997858,8.214867999999115
15,6,0.8995,0.8945391794295556,0.9234183346498354,0.8995000000000001,0.8105,0.8048303640318494,0.8359220030689771,0.8105,138.91259920000084,3.7356166999998095,8.843506900000648,3.6887679000010394,8.427707299999383
15,7,0.988,0.987993115614243,0.98798746242164,0.9879999999999999,0.9875,0.9874964061096136,0.9875231286138458,0.9875,140.95410640000046,3.681117500000255,8.718926699999429,3.371194599998489,8.184082499999931
15,8,0.9775,0.9775141480745007,0.9775365662057183,0.9775,0.949,0.9496454071660357,0.9544011544011545,0.9490000000000001,139.19881559999885,3.9164358000016364,9.044352900000376,3.445997599999828,8.09482620000017
15,9,0.9815,0.9814841338436844,0.9819255654357386,0.9814999999999999,0.9855,0.9854900017042993,0.9860126974974774,0.9855,150.9050014000004,3.752986700001202,8.806304800000362,3.372492100001182,8.168019200000344
15,10,0.9555,0.9543071632483928,0.9576229682677809,0.9555,0.954,0.9527979513261154,0.9571923011117089,0.954,148.51979429999847,3.986676200000147,9.075187500000538,3.6267613999989408,8.23356259999855
16,1,0.969,0.9688971662559336,0.9712649793519292,0.969,0.9675,0.9675102723744979,0.9695096563832456,0.9675,122.02696769999966,3.516757699999289,8.479118999999628,3.1896983000006003,8.283682599998428
16,2,0.946,0.9452265366936533,0.9548248131810582,0.9460000000000001,0.946,0.9451690425903407,0.9554779777264335,0.946,113.12331840000115,3.1434611000004224,8.644611399999121,2.7286213000006683,7.440026399999624
16,3,0.978,0.9779594738713117,0.9784548646973766,0.978,0.974,0.9739419345142727,0.9745538842496246,0.974,109.76212250000026,3.3248874000018986,8.139301100000012,2.8446967999989283,7.571367000000464
16,4,0.9425,0.9412867456423756,0.9553398058252427,0.9425000000000001,0.924,0.923018690395881,0.9326385841743455,0.924,143.90010669999901,3.308485699999437,8.190863199997693,2.9641645000010612,7.772865899998578
16,5,0.855,0.846930946309733,0.8870015363447337,0.8550000000000001,0.76,0.7049159166488779,0.8378974444392245,0.76,140.18878269999914,3.3238138999986404,8.89370720000079,3.688086900001508,8.555847599996923
16,6,0.9845,0.9844558990845875,0.9845262939411429,0.9844999999999999,0.9885,0.9884676468275808,0.9885280151946819,0.9884999999999999,136.2159103999984,3.3980096999985108,8.661156299996946,3.3781984000015655,8.118282300001738
16,7,0.967,0.966763589768863,0.9670297607469365,0.967,0.9755,0.9754245915981455,0.9753818664615155,0.9755,128.0855964000002,3.1975883999984944,8.827374200001941,3.772075599998061,8.147907699996722
16,8,0.9615,0.9611361758454608,0.9669220730891892,0.9615,0.9485,0.9477593792351083,0.9575380149750965,0.9484999999999999,118.34822649999842,3.23946480000086,7.7873666000014055,2.7753740000007383,7.451880599997821
16,9,0.956,0.9557618348776795,0.9632414567095333,0.9560000000000001,0.8705,0.8686851493114363,0.9134877497245508,0.8705,116.22768740000174,3.16204210000069,7.908260500000324,2.886592399998335,7.400275799998781
16,10,0.8005,0.7723255840180903,0.8094830537487162,0.8005000000000001,0.702,0.6781776307963858,0.7355408970976253,0.702,115.42598740000176,3.0198481999977957,7.834370200002013,2.727459899997484,7.433768200000486
17,1,0.9195,0.9161019999055497,0.942602495543672,0.9195,0.903,0.8971825120707638,0.9332303732303732,0.9030000000000001,129.00712600000043,3.2939614999995683,8.117767799998546,2.8920653000022867,7.812231900003098
17,2,0.9575,0.9579063430543926,0.9649484536082473,0.9574999999999999,0.83,0.8190151613002596,0.908108108108108,0.8299999999999998,132.5927026999998,3.6268108999975084,8.363700199999585,3.25486169999931,7.954554500000086
17,3,0.9855,0.9854952734007686,0.9858489411188639,0.9855,0.8695,0.8579352834355888,0.9116060745513115,0.8695,136.61130240000057,3.5885708999994677,8.474671300002228,3.1668944000011834,7.8907904000006965
17,4,0.9945,0.994510980441599,0.9945672945672946,0.9945,0.918,0.9149332786921034,0.9397361779155865,0.9179999999999999,136.67328609999822,3.479123299999628,8.169894300001033,3.053867699996772,7.681064600001264
17,5,0.8045,0.7696345825954733,0.8305643627140139,0.8045,0.716,0.6900778548778584,0.7432282967308611,0.716,138.75936940000247,3.617184399998223,8.50556670000151,3.2849022000009427,8.009317299998656
17,6,0.971,0.9708560836057402,0.9736075147797069,0.9710000000000001,0.9595,0.9590773974838781,0.9655572073913975,0.9595,136.59760150000147,3.5425414999990608,8.574873900000966,3.154247700000269,7.978667499999574
17,7,0.9505,0.9498373631369649,0.9590916564732026,0.9505000000000001,0.9005,0.8988262160137698,0.9103921397686244,0.9004999999999999,137.91504389999682,3.5597434999981488,8.424094800000603,3.2122123000008287,7.851980199997342
17,8,0.9855,0.98550348859187,0.9862180220450639,0.9855,0.9515,0.9516447851855092,0.9601723327588907,0.9515,141.39731590000156,3.936857200002123,8.385610799999995,3.175997600003029,7.738782199998241
17,9,0.925,0.9243068520487876,0.9325526384283485,0.925,0.924,0.9231055206879664,0.9331928378393526,0.924,141.1122652999984,3.8059807999998156,8.660198100002162,3.5135163999984798,8.358275099999446
17,10,0.91,0.9049549184121141,0.9371593464957361,0.9099999999999999,0.8865,0.8767385844730695,0.9266526700136923,0.8865000000000001,139.2068106000006,3.5671307999982673,8.475107599999319,3.379107800003112,7.969543299997895
18,1,0.981,0.9809799100299692,0.9817679696718636,0.9810000000000001,0.9425,0.9427230161149021,0.9458136539287247,0.9425000000000001,152.05148210000334,3.594522600000346,8.462303100001009,3.214790300000459,8.124399699998321
18,2,0.9845,0.9845066273642239,0.9846891202997691,0.9844999999999999,0.974,0.9740610064835289,0.9745807972670628,0.974,150.8993201000012,3.6412368999990576,8.459208100000978,3.264507500000036,8.039109100001951
18,3,0.9645,0.9638487584876897,0.9666854488665578,0.9644999999999999,0.9325,0.9320305238111434,0.9397134529370905,0.9325000000000001,150.08232750000025,3.691469199999119,8.722983300001943,3.2873822000001383,8.258154899998772
18,4,0.995,0.9949999999999999,0.9949999999999999,0.9949999999999999,0.9875,0.9875179822820194,0.9876124725169824,0.9875,147.7799806999974,3.5788603000000876,8.508684499996889,3.1357207000000926,7.936170000000857
18,5,0.8845,0.8822543482391246,0.8990097976957637,0.8845000000000001,0.9005,0.898295198488511,0.915854039487928,0.9005000000000001,149.31716550000056,3.8191604999992705,8.580925400001433,3.297298800000135,7.87397190000047
18,6,0.975,0.9749442228992218,0.9767803062260161,0.975,0.983,0.9829993200032563,0.9838075954074281,0.983,158.4078088999995,3.7733943999992334,8.771217599998636,3.229730999999447,8.004531999999017
18,7,0.992,0.992,0.992,0.992,0.9625,0.9626200068992917,0.9654034621978873,0.9625,152.07162750000134,3.9168312000001606,8.727130499999475,3.257668400001421,8.126595400000951
18,8,0.9955,0.9954991517079177,0.9955457036421294,0.9955,0.9165,0.9130696366717359,0.9400404395136617,0.9164999999999999,155.7465478999984,3.6882623999990756,8.739901900000405,3.2480259999974805,8.035444799999823
18,9,0.974,0.9737140115003644,0.9742978559229307,0.974,0.973,0.9726609403602197,0.9735238445764762,0.9730000000000001,153.7388663999991,3.8242562000014004,8.606328900001245,3.7104699999981676,8.112643500000559
18,10,0.941,0.939687833425974,0.9544401544401545,0.9410000000000001,0.9365,0.9350890575010391,0.9497231360762493,0.9365,152.4133933000012,3.6844686000004003,8.634323599999334,3.2827714000013657,8.135871300000872
19,1,0.9865,0.986499978906217,0.9865011656322851,0.9865,0.984,0.9840291232144477,0.9841701688417016,0.984,151.1652552000014,3.870582099996682,8.609723399997165,3.4259749999982887,8.03992179999841
19,2,0.995,0.9949992186279106,0.9951219512195122,0.9949999999999999,0.9645,0.9645152972171269,0.9694395777907555,0.9645000000000001,150.4705313000013,3.7334518999996362,8.612063799999305,3.348423299998103,7.972776300000987
19,3,0.9745,0.9744367398156012,0.9764074420169792,0.9745000000000001,0.8835,0.8780693934598787,0.8972589687511736,0.8835000000000001,148.06596700000227,3.8649835999967763,8.956112199997733,3.4475019999990764,8.219296499999473
19,4,0.9985,0.9984999789059532,0.9985111662531019,0.9984999999999999,0.9915,0.9914981059084674,0.9916985141849753,0.9914999999999999,151.66629699999976,3.603036099997553,8.398381999999401,3.204454500002612,7.877734999998211
19,5,0.9555,0.9546764575102118,0.9626758049546655,0.9555,0.9355,0.936155216393541,0.9481993686063486,0.9355,148.1784198000023,3.709563200001867,8.737792300002184,3.4834779999982857,8.233279699998093
19,6,0.986,0.9860171155897832,0.9869158878504674,0.986,0.877,0.8694398789235829,0.9229279625205979,0.877,151.48334850000174,3.6587605999993684,8.604990700001508,3.216545399998722,8.010741499998403
19,7,0.989,0.9889994538233118,0.9892496034892944,0.9890000000000001,0.9025,0.8987721689617217,0.925576441111428,0.9025000000000001,148.7422306999979,3.665632700001879,8.46418629999971,3.5262653999998292,8.172425500000827
19,8,0.975,0.9749268990518717,0.9772053223421888,0.975,0.9795,0.979485463597684,0.9808893913698888,0.9795,151.15199369999755,3.6799886000007973,8.502658500001417,3.3256810999992013,7.864412700000685
19,9,0.9765,0.9765204310147457,0.977134321077983,0.9765,0.8725,0.8661263485241989,0.9038544112040772,0.8725000000000002,146.03148579999834,3.6753791000010096,8.41116300000067,3.2258723999984795,7.993575199998304
19,10,0.9945,0.9944989599596173,0.9946472019464719,0.9945,0.9705,0.9704674497181598,0.9717983333048525,0.9705,152.44227460000184,3.7366464999977325,8.549918000000616,3.314893700000539,8.185417000000598
20,1,0.939,0.9374260897710835,0.9528511289705319,0.9390000000000001,0.926,0.9237617317768564,0.9430560214693056,0.9259999999999999,159.30951950000235,3.5766342999995686,8.454773299999943,3.254889700001513,7.914622399999644
20,2,0.9875,0.9874684557990546,0.9874675730582902,0.9875,0.9865,0.9864772385686577,0.9864802963139837,0.9865,157.3461752999974,3.6148740999997244,8.329729700002645,3.237509599999612,7.725330799999938
20,3,0.9385,0.9371084256494082,0.9519483814343215,0.9385,0.9185,0.9162382090630915,0.9337774039505101,0.9184999999999999,151.7320225000003,3.5905739000008907,8.303648600001907,3.2385952999975416,7.697836599996663
20,4,0.981,0.9809695512820513,0.9821658615136876,0.9810000000000001,0.962,0.9619545166084628,0.9637110016420362,0.9620000000000001,158.0181902000004,3.5361920000032114,8.325801099999808,3.2473738999979105,7.688973800002714
20,5,0.82,0.7964718454720436,0.8850203707289417,0.82,0.7305,0.7215629242151869,0.8575502571294997,0.7304999999999999,152.7364974000011,3.6017465999975684,8.49047679999785,3.226087999999436,8.263222499997937
20,6,0.9815,0.9814639528911273,0.9829495227448619,0.9814999999999999,0.9795,0.9794498739054657,0.9813194287009749,0.9795,157.69789830000082,3.822239000000991,8.436895300001197,3.2626404000002367,8.008289800000057
20,7,0.905,0.9014924098797286,0.9244146222129028,0.905,0.7755,0.7590850708945588,0.8302458381726675,0.7755,155.29761820000203,3.6869858000027307,8.58681979999892,3.411446399997658,8.133285400002933
20,8,0.991,0.9910420017131077,0.9913875598086126,0.991,0.876,0.8672860475974028,0.9225124226668922,0.876,159.76752810000107,3.7812572000002547,8.714311899999302,3.360146099999838,8.06988839999758
20,9,0.9865,0.9865675122367703,0.9873536299765808,0.9865,0.8845,0.8799285505825599,0.9267828843106181,0.8845000000000001,172.40419889999976,3.9821517000018503,8.736973099999886,3.5116398999998637,8.08469999999943
20,10,0.98,0.9799581294012146,0.9815190900349148,0.9800000000000001,0.968,0.9685178120919012,0.9724137931034482,0.968,163.73817879999842,3.74498560000211,8.776517599999352,3.422090100000787,8.416179200001352
21,1,0.9965,0.996499732010732,0.9965601965601966,0.9964999999999999,0.9635,0.9635269606714744,0.9691331923890063,0.9635,158.57680120000077,3.956179600001633,8.807280999997602,3.4604660000004515,8.190063699999882
21,2,0.9995,0.9994999992187488,0.9995012468827931,0.9995,0.9955,0.9954994303966596,0.99559902200489,0.9955,177.36197299999913,3.734775900000386,8.588290899999265,3.3856950999979745,8.315453100000013
21,3,0.9785,0.9784922200290882,0.9790471439261662,0.9785,0.931,0.9312155418314546,0.9438306497659015,0.931,164.85259649999716,3.807512499999575,8.959745000000112,3.5430218000001332,8.445001899999625
21,4,0.9175,0.9138346048712822,0.9415929203539823,0.9175000000000001,0.9245,0.9223230064670144,0.9446254130805825,0.9245000000000001,167.30890910000016,4.207023799997842,8.547374099998706,3.420200600001408,7.916262700000516
21,5,0.975,0.9749019607843138,0.9777777777777779,0.975,0.964,0.9643012962178054,0.9692152597230329,0.9640000000000001,162.7201535000022,3.9326992999995127,8.681393699996988,3.4713696999970125,8.263304700001754
21,6,0.9865,0.9864888321753449,0.9871186610731731,0.9865,0.9695,0.9696240122823218,0.9730448386867303,0.9695,168.4908312999978,3.859825899999123,8.732874299999821,3.3940758999997342,8.147923100001208
21,7,0.985,0.9849821108557719,0.9851160768062843,0.985,0.988,0.9879926808522314,0.9884510647448707,0.9880000000000001,165.90427379999892,3.7635554000007687,8.485886200000095,3.2545181999994384,8.109588999999687
21,8,0.9685,0.9683341353679105,0.9722529605638238,0.9685,0.9155,0.9166961830180084,0.9403463173053282,0.9155000000000001,163.86123980000048,3.8732439000013983,8.701008200001525,3.426699700001336,8.161822400001256
21,9,0.9855,0.9854861173409908,0.9861784975830069,0.9855,0.9895,0.9895174127479027,0.9899312674090368,0.9894999999999999,168.13809000000037,4.1423847999976715,8.645919399998093,3.488718799999333,8.028998599998886
21,10,0.963,0.9625273461702601,0.9682325679376447,0.9629999999999999,0.973,0.9727998703970279,0.9757926661152467,0.9730000000000001,168.41268520000085,3.739990599999146,8.56985050000003,3.3951626000016404,8.083851999999752
22,1,0.9825,0.9824969018918793,0.9829739216089675,0.9825000000000002,0.9455,0.9456165751088651,0.9493564172548006,0.9455,167.7474645000002,3.8901894000009634,8.680671900001471,3.3278200999993715,8.108176300000196
22,2,0.9005,0.9024179954415933,0.9335559265442404,0.9005000000000001,0.7555,0.7141566731070993,0.8870147420147421,0.7555,167.03727829999843,3.7030854000004183,8.564584699997795,3.2850883999999496,7.925387200000841
22,3,0.997,0.9969999812498829,0.9970049251231281,0.9970000000000001,0.9955,0.9955030805551418,0.9955147948177613,0.9955,169.06999619999988,3.74284550000084,8.563771099998121,3.297275000000809,8.037485599998035
22,4,1.0,1.0,1.0,1.0,0.971,0.9708467632995934,0.9746724890829694,0.9710000000000001,167.1147811999981,3.798349999997299,8.455178399999568,3.43055600000298,8.202809099999286
22,5,0.963,0.9630284584284358,0.9675627705627706,0.9630000000000001,0.8225,0.7890339597331373,0.9020386769668214,0.8225,165.79702090000137,3.581532700001844,8.467959400000836,3.275026199997228,8.133493299999827
22,6,0.966,0.9658642554903178,0.9694044783465785,0.966,0.903,0.9023465719995499,0.9114970676058922,0.9030000000000001,166.33406540000215,3.8930866999980935,8.523034100002405,3.2404812000022503,7.884693399999378
22,7,0.9605,0.9602831797825871,0.9654088849362641,0.9605,0.915,0.9171068599837561,0.9389450688841127,0.915,170.80684870000186,3.75220569999874,8.761851500003104,3.26287450000018,8.067974099998537
22,8,0.9925,0.9924754809169422,0.9926859235346551,0.9925,0.87,0.8545212078243247,0.9199661078496641,0.8699999999999999,179.41643029999977,3.8722963000000163,8.61774449999939,3.3587195000000065,8.110548500000732
22,9,0.9795,0.9795633182624869,0.9804007497630038,0.9795,0.8525,0.8321242199000182,0.9109631920614056,0.8525,169.86251510000147,3.788451199998235,8.485618599999725,3.310025899998436,7.907849699997314
22,10,0.991,0.9909828069173848,0.990998979733219,0.991,0.9925,0.9924966014297434,0.9925239099859352,0.9925,169.90552740000203,3.7698622000025352,8.545713200001046,3.3219270999979926,8.299993300002825
23,1,0.944,0.943667163835231,0.9487337244240951,0.944,0.9605,0.9603704499258775,0.962250089253979,0.9605,176.83986340000047,3.77297869999893,8.766867000002094,3.4156369999982417,8.016174299998966
23,2,0.9955,0.9954934695375434,0.9955482032901386,0.9955,0.996,0.9959960529029758,0.9960367207621715,0.9960000000000001,177.1987218000031,3.910070199999609,8.645630700000766,3.5206313999988197,8.344130999998015
23,3,0.992,0.9919967987194879,0.9923076923076923,0.992,0.988,0.9879980778488411,0.9882025564185677,0.9879999999999999,165.6830528999999,3.613348999999289,8.191602399998374,3.1554538999989745,7.82848229999945
23,4,0.987,0.9869922681139828,0.9875112198184723,0.9870000000000001,0.9625,0.9621940045834088,0.9661055886090175,0.9625,172.109234800002,3.8902099000006274,8.851652000001195,3.312890500001231,8.064295799998945
23,5,0.9015,0.8951414775004949,0.9340033500837521,0.9015000000000001,0.9045,0.8989994291621326,0.935091967206151,0.9045,172.47704540000268,3.9104173999985505,8.77824800000235,3.5284529000018665,8.320929100002104
23,6,0.87,0.8636728691604081,0.920777842627474,0.8700000000000001,0.7055,0.670507945229448,0.8796470688900186,0.7055,173.9922157000001,3.687597799998912,8.701990199999273,3.347278900000674,8.115278400000534
23,7,0.975,0.9749019607843138,0.9777777777777779,0.975,0.9645,0.9643080282314225,0.9683321604503871,0.9644999999999999,171.884990999999,3.6727281999992556,8.458172099999501,3.331609100001515,8.177112400000624
23,8,0.999,0.998999993749961,0.9990049751243781,0.999,0.997,0.9969967410724234,0.9970321110803239,0.9969999999999999,168.2968551999984,3.715338800000609,8.734497500001453,3.3951058000020566,8.160533999998734
23,9,0.9935,0.9934999898437342,0.9935012093825586,0.9935,0.9925,0.9925086892453274,0.9925259799623127,0.9925,176.80586380000022,3.8240931000000273,8.572538399999758,3.5337187000004633,8.06654029999845
23,10,0.988,0.9879651047514202,0.9884733932364854,0.9879999999999999,0.9885,0.9884942553833523,0.9889075870844699,0.9885000000000002,167.33395769999697,3.602814199999557,8.874329400001443,3.119417699999758,7.8857037000016135
24,1,0.9825,0.9824662744851681,0.9832754396780677,0.9824999999999999,0.96,0.9599782135580865,0.9638030610122332,0.9600000000000002,182.46430959999998,3.75603079999928,8.57719680000082,3.387680800002272,7.900720199999341
24,2,0.9955,0.9954967666209684,0.9955248509468401,0.9955,0.9575,0.9571237170079293,0.9643525975000259,0.9574999999999999,174.2967776000005,3.566720599999826,8.424365199996828,3.1284350999994786,7.769946600001276
24,3,0.9975,0.997496187240101,0.9975161413774799,0.9974999999999999,0.997,0.9969999906132372,0.997003721851151,0.9970000000000001,187.72577219999948,3.665273000002344,8.480204599996796,3.138507600000594,7.838047199998982
24,4,0.999,0.998999993749961,0.9990049751243781,0.999,0.9685,0.9685473880980293,0.9725804630152457,0.9685,173.3893973000013,3.798547400001553,8.57224750000023,3.4429319000009855,8.01122210000176
24,5,0.976,0.9760688469854119,0.9779519828904814,0.976,0.853,0.8311643824334121,0.9111789029805906,0.8530000000000001,177.20504470000014,3.590016600002855,8.45327289999841,3.1466538999993645,8.262019400001009
24,6,0.9265,0.9239316225494874,0.946252285191956,0.9265000000000001,0.9115,0.9074078250594175,0.935913110880864,0.9115,170.99951370000053,3.649791499999992,8.469933499996841,3.335523400000966,8.308768099999725
24,7,0.995,0.9949994999499949,0.9950780312124851,0.9949999999999999,0.9895,0.9895301930776824,0.9896725179715748,0.9894999999999999,169.43419189999986,3.7267778999994334,8.566693299999315,3.353825300000608,7.9259424999982
24,8,0.9955,0.9954998242118833,0.9955305516486952,0.9955,0.9465,0.9454705227307356,0.957604013681212,0.9465,168.54622529999688,3.7669905000002473,8.357845099999395,3.2308583999983966,7.833719899997959
24,9,0.988,0.9879940011203221,0.9881794034769579,0.9879999999999999,0.9885,0.9884942911527066,0.9887120010008976,0.9884999999999999,173.29033789999812,4.132685600001423,8.613276000000042,3.2529886000011174,7.860315199999604
24,10,0.9985,0.998501235968582,0.9985111662531019,0.9984999999999999,0.93,0.9279574108310413,0.9478271375464683,0.93,167.6802869000021,3.682730900000024,8.463678299998719,3.3160751999967033,7.85881739999968
25,1,0.9965,0.996499732010732,0.9965601965601966,0.9964999999999999,0.9965,0.9965035317741109,0.9965601965601966,0.9964999999999999,183.74596600000223,3.67987390000053,8.42121049999696,3.2457377999962773,7.877452799999446
25,2,0.8465,0.8203978261138929,0.9131541725601131,0.8465,0.8355,0.8093551742476756,0.894290337494221,0.8355,179.42711369999597,3.7284325000000536,8.574124400001892,3.3545381000003545,8.14346139999543
25,3,0.9905,0.9904593098283729,0.990733655363719,0.9904999999999999,0.99,0.9899341254042296,0.9902462239513621,0.99,180.95443149999483,3.864989000001515,8.668119400004798,3.3496614000032423,8.09881260000111
25,4,0.9765,0.9764186073494295,0.9789709172259509,0.9765,0.967,0.9667860027660865,0.9714477726574501,0.967,181.6080992999996,3.7460126000005403,8.72785560000193,3.3258901000008336,8.25654609999765
25,5,0.957,0.9566400230871677,0.9643772799406441,0.9570000000000001,0.9305,0.9317025977857666,0.946542418231305,0.9305,184.34754699999758,3.9092944000003627,8.673968100003549,3.4744254000033834,8.19943300000159
25,6,1.0,1.0,1.0,1.0,0.912,0.9074426198021703,0.9386316816654017,0.9120000000000001,173.88916029999382,3.6905426000012085,8.50080089999392,3.2825948000026983,7.931263400001626
25,7,0.958,0.9575585213558364,0.964385026045294,0.958,0.965,0.9647452846818261,0.9699104108742663,0.9650000000000001,179.94716550000157,3.6102433999985806,8.522319999996398,3.4124827999985428,7.950941099996271
25,8,0.997,0.9969998312405073,0.9970443349753694,0.9969999999999999,0.9925,0.9924996541293615,0.9925470539960713,0.9925,180.13018369999918,3.69235949999711,8.41764630000398,3.3151666999983718,7.986310799999046
25,9,0.9975,0.9974999960937438,0.997501234382715,0.9974999999999999,0.99,0.9900171175240203,0.9904761904761905,0.99,187.64759510000295,3.8416857999982312,8.679770300004748,3.4684573999984423,7.928203299998131
25,10,0.9935,0.9934991772396193,0.9935980089920522,0.9935,0.9835,0.9835841216902717,0.9843378278263446,0.9835,178.56038120000449,3.796701300001587,8.675397200000589,3.3513966999962577,8.079161800000293
26,1,0.9435,0.9443427959543227,0.9559454191033139,0.9435,0.811,0.7860416326279325,0.9028277634961439,0.8109999999999999,191.58749139999418,3.6454997999971965,8.522278199998254,3.2235641999941436,7.930885499998112
26,2,0.908,0.9083439238101315,0.9348065727376073,0.908,0.7795,0.7633008880023463,0.8901747572815534,0.7795,180.1101237000039,3.7518068000063067,8.749666299998353,3.336518000003707,8.219748700001219
26,3,0.982,0.9819736823585885,0.98310401098468,0.982,0.965,0.9655653759715163,0.9695508720227398,0.9650000000000001,179.77055049999763,3.644475400004012,8.526756400002341,3.249530599998252,7.932222199997341
26,4,0.9975,0.9975036877557486,0.9975308641975309,0.9974999999999999,0.929,0.9268089578948997,0.9476014760147601,0.9289999999999999,182.9519008999996,3.7418517999976757,8.548220600001514,3.2299721999952453,8.094660300004762
26,5,0.9735,0.9733831771007437,0.9766004415011038,0.9734999999999999,0.8925,0.8897486725023294,0.9095975232198142,0.8925000000000001,181.6579638999974,3.6284652999966056,8.529794399997627,3.192316100001335,7.907214999999269
26,6,0.9825,0.98249143710145,0.983238479897191,0.9824999999999999,0.956,0.9558259303144517,0.9574204221372481,0.9559999999999998,195.15930049999588,3.746636200005014,8.447320599996601,3.3129247999968356,7.954369699997187
26,7,0.9945,0.9944989599596173,0.9946472019464722,0.9945,0.964,0.9637213179251409,0.9687754993906639,0.9640000000000001,186.73187419999886,3.691341799996735,8.721210399999109,3.2815613000057056,8.327308200001426
26,8,0.995,0.9950145040593084,0.9951219512195122,0.9950000000000001,0.8705,0.856215459977359,0.9213960546282246,0.8705,180.1498006999973,3.63408889999846,8.315143100000569,3.2100834000011673,7.898019000000204
26,9,1.0,1.0,1.0,1.0,0.945,0.9439727567568978,0.9565878610560213,0.945,189.51881259999936,3.6419163000027766,8.622955599996203,3.2228782999955,8.144362799997907
26,10,0.9995,0.9994999992187488,0.9995012468827931,0.9995,0.978,0.9779332480754281,0.9801801801801802,0.9780000000000001,190.54455600000074,4.064678900002036,8.64644589999807,3.391499199999089,8.175855900000897
27,1,0.987,0.9869862542310315,0.987793427230047,0.9870000000000001,0.9815,0.9814603425139087,0.983066361556064,0.9814999999999999,184.90358410000044,3.787255399998685,8.652274699998088,3.3427711999975145,8.003438200001256
27,2,0.998,0.99799994999875,0.998019801980198,0.998,0.9655,0.9653780978172541,0.9684224334413722,0.9655000000000001,188.96530320000602,3.8827639000010095,8.851890400001139,3.26595819999784,8.777802000004158
27,3,0.9825,0.9824701719018769,0.9837506528811725,0.9824999999999999,0.985,0.9849980736511641,0.9860465116279069,0.985,179.02612489999592,3.603284500000882,8.386675600006129,3.1990013999966322,7.895561900004395
27,4,0.993,0.993006100727172,0.9931751815708688,0.993,0.937,0.9355657941422507,0.9509155548759509,0.937,182.0397149000055,3.7488972999999532,8.687120599999616,3.3072529999990365,8.092071499995654
27,5,0.999,0.998999993749961,0.9990049751243781,0.999,0.988,0.9880067600681371,0.9883995037220844,0.9880000000000001,186.24746389999927,3.607022299998789,8.399519899998268,3.208721199996944,8.215427800001635
27,6,0.9855,0.9854643292906367,0.9864171347332604,0.9855,0.929,0.9285748817554562,0.9446715991692628,0.929,181.37136649999593,3.6339865999980248,8.673080300002766,3.372861900003045,7.9287076000036905
27,7,0.977,0.977006315730091,0.9778553422532481,0.977,0.8635,0.8539058673522225,0.9058101373526194,0.8634999999999999,181.86867729999358,3.56299030000082,8.373293399999966,3.309858599997824,8.315913800004637
27,8,0.9315,0.9279672505221976,0.94421637507462,0.9315,0.93,0.9270912595739815,0.9458759354058293,0.93,193.37085600000137,3.5706778000021586,8.389852500004054,3.153825000001234,8.20034840000153
27,9,0.997,0.9969999131612097,0.9970259993580406,0.9970000000000001,0.9915,0.9915044591750941,0.9916400592204621,0.9915,203.64168559999962,3.9129899999970803,8.73961170000257,3.4360250999961863,8.23132159999659
27,10,0.998,0.99799994999875,0.998019801980198,0.998,0.9915,0.9914992240981606,0.9916122362099374,0.9914999999999999,183.48392890000105,3.6290682000035304,8.489999299999909,3.241160300000047,7.887918499996886
28,1,0.9845,0.9844823243976343,0.9853444757677167,0.9845,0.9765,0.9767757287260942,0.9789709172259509,0.9765,199.53226110000105,3.726249799998186,8.535292799999297,3.3019721000018762,8.026263499996276
28,2,0.998,0.99799994999875,0.998019801980198,0.998,0.983,0.9829912555229946,0.9843317972350232,0.983,187.95720489999803,3.5941214000049513,8.515051400005177,3.3262342999951215,8.296811000000162
28,3,0.999,0.998999993749961,0.9990049751243781,0.999,0.9905,0.9904964158284914,0.9908075617428136,0.9904999999999999,199.95294589999685,3.718164900004922,8.523487500002375,3.317633400001796,7.938019499997608
28,4,0.9995,0.9994999992187488,0.9995012468827931,0.9995,0.939,0.9376276085385664,0.9526729287923319,0.9390000000000001,195.39955370000098,4.217569600004936,8.660126300004777,3.283934999999474,7.938461899997492
28,5,0.998,0.9980024688587139,0.998019801980198,0.998,0.9025,0.8965459748243866,0.9337997910628832,0.9025000000000001,195.1689697000038,3.648688499997661,8.349526699996204,3.272811900002125,8.08894980000332
28,6,0.9955,0.9954942266249676,0.99552216246174,0.9955,0.9965,0.9964967685071215,0.9965196702441166,0.9964999999999999,183.98927520000143,3.7480492999966373,8.962761199996748,3.2357556999995722,8.100590200003353
28,7,0.9705,0.9703386701732392,0.9742919389978214,0.9705,0.9575,0.9573532133827772,0.961406638522492,0.9574999999999999,196.24021920000087,3.891681300003256,8.818071599998802,3.4030239999992773,8.224912600002426
28,8,0.9645,0.9640706431248148,0.9693260118303051,0.9644999999999999,0.9535,0.9528629874665597,0.9622718052738337,0.9535,198.4995734999975,3.6157473999992362,8.627365100001043,3.3688309999997728,8.016689199997927
28,9,0.9905,0.9905257396205596,0.9909307875894988,0.9905000000000002,0.8905,0.882721278725235,0.9292407108239095,0.8905,195.08336029999919,3.866377400001511,8.742066099999647,3.270318499999121,8.108975000002829
28,10,0.998,0.99799994999875,0.998019801980198,0.998,0.9905,0.9904837771365196,0.9908888066914056,0.9905000000000002,196.52083659999334,3.6585854000004474,8.455739199998789,3.3093634999968344,7.886170099998708
29,1,0.991,0.9909994937215216,0.991042984671551,0.991,0.9845,0.9846105483223055,0.9852890025575448,0.9845,199.94910840000375,3.704289499997685,8.445419099996798,3.264327400000184,7.937465899995004
29,2,0.9985,0.9984999789059532,0.9985111662531019,0.9984999999999999,0.945,0.9440362879264566,0.9560508487927842,0.945,198.26029380000546,3.634740299996338,8.39380660000461,3.120199600001797,8.001136300001235
29,3,0.8955,0.8981819866134474,0.9202310567448183,0.8955,0.759,0.7085182416229497,0.8725094522113779,0.759,191.2910602999982,3.6095875999963027,8.331683299998986,3.146652300005371,7.771277799998643
29,4,0.996,0.9959995999599961,0.996078431372549,0.9960000000000001,0.852,0.8282932146144317,0.9142787503405165,0.852,192.81610860000364,3.542458500000066,8.361707399999432,3.2225905999948736,7.886264499997196
29,5,0.9825,0.9824847733787628,0.9832754396780677,0.9824999999999999,0.944,0.9446690711156108,0.9534415597255453,0.944,188.84167309999611,3.5712721000018064,8.350855600001523,3.1798517999995966,7.877265099996293
29,6,1.0,1.0,1.0,1.0,0.97,0.9698717722860508,0.9739130434782609,0.97,193.84575520000362,3.5137783999962267,8.258531499996025,3.189345599996159,7.773541299997305
29,7,0.999,0.998999993749961,0.9990049751243781,0.999,0.9095,0.9045341965844926,0.9374322813655518,0.9094999999999999,200.0729616000026,3.514597999994294,8.484551399997144,3.3217656000051647,8.163823700000648
29,8,0.9785,0.9784419579926193,0.9804967219959153,0.9785,0.9575,0.9581717675430532,0.9649484536082473,0.9574999999999999,192.86931829999958,3.6115213000011863,8.56046160000551,3.1048614000028465,7.937233800003014
29,9,0.9565,0.9565504615297996,0.9597473136275763,0.9564999999999999,0.903,0.9031432770750676,0.9216371218341948,0.9030000000000001,212.38672909999877,3.6303731000007247,8.556176799997047,3.315584399999352,8.013057199998002
29,10,0.9955,0.9954994303966596,0.99559902200489,0.9955,0.98,0.9800248090672042,0.9818181818181818,0.9799999999999999,192.83780169999955,3.7735354000033112,8.435385299999325,3.3173411000025226,7.9976722999999765
30,1,0.866,0.8451440205408931,0.9085869074492099,0.866,0.873,0.8575549056586848,0.9187853491818648,0.873,194.01053970000066,3.6252787000048556,8.610372000002826,3.3163673000017297,7.898472799999581
30,2,0.9955,0.9954994303966596,0.99559902200489,0.9955,0.9915,0.9914985863833061,0.991658564678635,0.9915,197.82596770000237,3.836902499999269,8.530709099999513,3.19351760000427,7.917971499999112
30,3,1.0,1.0,1.0,1.0,0.9595,0.9590805113041666,0.9663201663201664,0.9594999999999999,212.55630419999943,3.6608660999991116,8.47686309999699,3.31174209999881,7.918125999996846
30,4,0.9885,0.9884904866678864,0.9891252955082741,0.9884999999999999,0.9665,0.9667418504044644,0.9707092476489028,0.9664999999999999,196.95603950000077,3.5045277000026545,8.335069699998712,3.137303299998166,7.774329300002137
30,5,0.9835,0.9835930368119759,0.9847575057736719,0.9835,0.93,0.9313510463778952,0.9477653397936594,0.93,209.89285329999984,3.561023100002785,9.028714100000798,3.3029919999971753,8.018098000000464
30,6,0.996,0.9960097517289418,0.996078431372549,0.9960000000000001,0.853,0.8311576153470318,0.9152737752161382,0.853,188.75451630000316,3.5877382999969996,8.545400700000755,3.2246269999959623,7.866616100000101
30,7,0.9975,0.9974999023399352,0.9975308641975309,0.9974999999999999,0.9755,0.9755589349695624,0.978173719376392,0.9755,203.28377169999294,3.8909926999986055,8.665844100003596,3.315045299998019,7.992610699999204
30,8,0.999,0.998999993749961,0.9990049751243781,0.999,0.985,0.984999736396792,0.9859498450136341,0.9850000000000001,210.03119139999762,3.7120032999955583,8.429863600002136,3.3283133000004455,7.925627500000701
30,9,0.9625,0.9616518728241166,0.9665996313055137,0.9625,0.957,0.9567414288165557,0.9620756929637526,0.9570000000000001,192.56364960000064,3.552858399998513,8.614558999994188,3.244557600002736,7.90560739999637
30,10,0.98,0.9799498746867169,0.9818181818181818,0.9800000000000001,0.95,0.949794512083923,0.9541079998728665,0.95,194.55598840000312,3.5981976999973995,8.588097899999411,3.170970599996508,7.751080999994883
